Player Name,Sentiment This Week,Sentiment This Month,URLs,Comments
Aaron Judge,-0.00744,0.068044444,"https://www.startribune.com/minnesota-twins-alex-kirilloff-breakout-new-york-yankees-aaron-judge/600291682/,https://twitter.com/bryanhoch/status/1682509716604289024?s=46&t=pus3YyMpxQmD-FdsXGvVDw,https://twitter.com/bryanhoch/status/1682495337695518724?s=46,https://twitter.com/Sarah_IsabelVee/status/1681779983575048192,https://twitter.com/bryanhoch/status/1681762414763847680?s=46,https://www.startribune.com/minnesota-twins-alex-kirilloff-breakout-new-york-yankees-aaron-judge/600291682/,https://twitter.com/bryanhoch/status/1682509716604289024?s=46&t=pus3YyMpxQmD-FdsXGvVDw,https://twitter.com/bryanhoch/status/1682495337695518724?s=46,https://twitter.com/Sarah_IsabelVee/status/1681779983575048192,https://twitter.com/bryanhoch/status/1681762414763847680?s=46,https://www.reddit.com/r/baseball/comments/151u49w/aaron_judge_still_leads_the_new_york_yankees_in/,https://www.reddit.com/r/baseball/comments/15015c4/if_the_homer_at_the_bat_episode_of_the_simpsons/,https://www.reddit.com/r/baseball/comments/14yp7aj/what_do_you_think_pete_alonsos_contract_will_look/,https://www.nj.com/yankees/2023/07/yankees-aaron-judge-preparing-to-play-in-pain-says-toe-might-take-years-to-heal.html,https://www.reddit.com/r/NYYankees/comments/14n2q7o/2023_new_york_yankees_firsthalf_grades/,https://www.reddit.com/gallery/14mrc4o,https://twitter.com/maxtgoodman/status/1674186211764625408?s=46&t=kXeNoI1c0iOC-uVgeh1UiA","Famous left handed hitter Aaron judge,The Yankees really shouldn't let their 360 million dollar man in the first year of his contract take risks like that. As a man of Aaron Judges size lower body injuries especially feet are no joke when you carry that much weight around. > It's not going to be pain-free

It is indeed painful to wear pinstripes these days (and to a lesser extent, be a Yankees fan).

Oh, wait, that's not what Aaron Judge was talking about?,Have him be AAAron Judge for a AAA rehab assignment. Real live games > simulated games. No need to rush him back because this team has no chance of contention.

Everybody wins. The AAA owner gets a boost in ticket sales for Judge playing, the AAA team probably gets a nice catered meal or two courtesy of Aaron and Judge himself will get back up to speed better/faster playing in real games.,Why does Aaron Judge always seem to say exactly the right thing?,Aaron Judge has moved. Today is already better than yesterday.,Famous left handed hitter Aaron judge,The Yankees really shouldn't let their 360 million dollar man in the first year of his contract take risks like that. As a man of Aaron Judges size lower body injuries especially feet are no joke when you carry that much weight around. > It's not going to be pain-free

It is indeed painful to wear pinstripes these days (and to a lesser extent, be a Yankees fan).

Oh, wait, that's not what Aaron Judge was talking about?,Have him be AAAron Judge for a AAA rehab assignment. Real live games > simulated games. No need to rush him back because this team has no chance of contention.

Everybody wins. The AAA owner gets a boost in ticket sales for Judge playing, the AAA team probably gets a nice catered meal or two courtesy of Aaron and Judge himself will get back up to speed better/faster playing in real games.,Why does Aaron Judge always seem to say exactly the right thing?,Aaron Judge has moved. Today is already better than yesterday.,Aaron Judge deserves to be paid more considering the Yankees are a mediocre at best team without him, if that.,P: Spencer Strider. Storms off after being told to â€œshave that mustacheâ€ before the championship. 

C: Adley Rutchsman: The only player who actually shows up, but is PH for by Homer in the 9th due to left/right matchups. 

1B: Joey Votto: Punched out by Barney in an argument over which Canadian PM is best. 

2B: Jose Altuve: Unable to play due to suffering from gigantism brought on by Mr Burnsâ€™ Brain And Nerve Tonic. 

SS: Trea Turner: Gets distracted by the Springfield Marathon and misses the game. 

3B: Nolan Arenado: Ineligible to play due to the Springfield Power Plantâ€™s vaccine mandate. 

LF: Shohei Ohtani. Injured in pre-game warmups due to Mr Burnsâ€™ refusal to use the DH. 

CF: Mike Trout: Gets distracted by a tornado heading towards Shelbyville and misses the game. 

RF: Aaron Judge: Refuses to play after Mr Burns insists on Judge buying the Power Plant in exchange for playing. Mike Scioscia - was a veteran towards the end of his career entirely with one team, never any super flashy stats but thought of as a big clubhouse guy. Let's say **Salvador Perez**.

Don Mattingly - about 10 years into his career, had a dominant run but was coming off a couple down seasons, partially due to injuries. Nobody fits this exactly, but I could see any of Anthony Rizzo, Jose Abreu, or **Joey Votto**.

Steve Sax - One of the lesser known players, very promising peak but faced inconsistency both offensively and defensively. Let's say **Gleyber Torres** for this one.

Wade Boggs - Also had played about 10 seasons, was coming off a huge run but was widely underrated and never won any major awards. **Jose Ramirez** maybe?

Ozzie Smith - The longest-tenured player on the team, was still playing at a very consistent level and stuck at shortstop despite his age, also was essentially the centerpiece of his team. I'm thinking **Brandon Crawford**.

Jose Canseco - Relatively young left fielder, huge raw talent but was, arguably undeservedly, seen as somewhat inconsistent. **Juan Soto**?

Ken Griffey Jr. - Electric center fielder, only ~22 at the time of the episode's release, seen as one of the next greats, revitalized a rather inconsistent Seattle team. **Julio Rodriguez**.

Darryl Strawberry - One of the biggest stars in baseball at the time, huge power hitter, coming off a huge free agent deal. **Aaron Judge**.

Roger Clemens - 8 seasons into his career at the time, already seen as uniquely dominant and one of the best players in baseball. Again, nobody fits this super well, but **Shohei Ohtani** feels the closest.,Pete Alonso has never put up more than 5.0 fWAR. Aaron Judge has done that three times including an 11.5 fWAR season going into his walk year.,Of all the things that I thought would bring down a player with a massive frame like Aaron Judge, a toe injury that could take years to heal was not one of them,Aaron Judge being a toe away from A+ is killing me,Aaron Judge ""National League"" jersey...,""It was actually a complete tear of both ACLs"" 

- Aaron Judge tomorrow probably"
Clayton Kershaw,0.1735,0.238858333,"https://www.reddit.com/r/mlb/comments/159ofz1/who_makes_your_top_5_starting_pitchers_that_you/,https://www.reddit.com/r/mlb/comments/159ofz1/who_makes_your_top_5_starting_pitchers_that_you/,https://twitter.com/billplunkettocr/status/1681398500603379728?s=46&t=f1CngLinLiYKbxkfG0otAw,https://www.reddit.com/r/Dodgers/comments/14t8mp0/my_favorite_clayton_kershaw_statistic/,https://i.redd.it/abflscjlfr8b1.jpg","1. Greg Maddux  
2. Â¨Pedro Martinez
3. Randy Johnson
4. Clayton Kershaw
5. Justin Verlander Cliff Lee, Clayton Kershaw, Roy Halladay, Max Scherzer, Justin Verlander,1. Greg Maddux  
2. Â¨Pedro Martinez
3. Randy Johnson
4. Clayton Kershaw
5. Justin Verlander Cliff Lee, Clayton Kershaw, Roy Halladay, Max Scherzer, Justin Verlander,The insane person in me who wants the whole world to always know that Clayton Kershaw was and is the GOAT of his generation is annoyed that he keeps generating mid season injuries (â€œinjuriesâ€?) that ultimately keep him from compiling more counting stats, and this year, maybe cost him a Cy Young.

The Dodger fan in me is stoked that heâ€™s willing to sublimate personal glory for October success.

The 37 year old in me tips a glass to the man who takes a break. 

Cheers Clay, come back soon.,From June 27, 2015 to June 20th, 2016 Clayton Kershaw was 22-3 with a 1.38 ERA and 1.49 FIP in 247.2IP with 311 Kâ€™s and 24 walks. That is my favorite thing about him. 

Or yâ€™know Brandon Belt bring 4-67 with 30 strikeouts against Kershaw. I hope Clayton Kershaw can remain healthy enough to achieve his 3000th strikeout this year. 

I also  hope Clayton remains with the Dodgers until he retires. Clayton Kershaw is a Dodgers Legend!!!ðŸ˜Š My favorite Clayton Kershaw stat is that he led the NL in ERA in 2011, 2012, 2013, and 2014.  Four consecutive seasons.

Only one other pitcher has done that and it was the great Sandy Koufax with 5 consecutive years.

Obviously the other one is his 2011 season.  Led NL in ERA, Wins, Ks for the triple crown.,A shame his career WHIP likely wonâ€™t creep back under 1.000 though. He was below that mark earlier this year, and having that with 2,600 innings under his belt and a sub-2.50 career ERA is justâ€¦ I love Clayton Kershaw."
Shohei Ohtani,-0.03397619,0.115669136,"https://defector.com/lets-get-weird-lets-send-shohei-ohtani-to-the-as,https://twitter.com/bylucaevans/status/1683182832653565953,https://twitter.com/OptaSTATS/status/1682969634608128000,https://i.redd.it/wehwtveoj9db1.png,https://twitter.com/OptaSTATS/status/1681850726807478273?t=TAi2FHbmIE4UlHf6clZfLA&s=19,https://www.reddit.com/r/NYYankees/comments/154dw8j/its_not_what_you_want_the_yankees_fell_to_the/,https://www.reddit.com/r/angelsbaseball/comments/1545id4/719_yankees_angels_game_thread/,https://defector.com/lets-get-weird-lets-send-shohei-ohtani-to-the-as,https://twitter.com/bylucaevans/status/1683182832653565953,https://twitter.com/OptaSTATS/status/1682969634608128000,https://i.redd.it/wehwtveoj9db1.png,https://twitter.com/OptaSTATS/status/1681850726807478273?t=TAi2FHbmIE4UlHf6clZfLA&s=19,https://www.reddit.com/r/NYYankees/comments/154dw8j/its_not_what_you_want_the_yankees_fell_to_the/,https://www.reddit.com/r/angelsbaseball/comments/1545id4/719_yankees_angels_game_thread/,https://www.reddit.com/r/Dodgers/comments/15332gz/plaschke_arte_moreno_and_the_angels_would_never/,https://twitter.com/TalkinBaseball_/status/1681154752657207297?s=20,https://www.reddit.com/r/baseball/comments/151j88a/game_of_the_day_716_astros_5142_angels_4647_710/,https://v.redd.it/dbyyem5p69cb1,https://bleacherreport.com/articles/10082854-shohei-ohtani-trade-rumors-angels-want-multiple-top-100-type-prospects-in-any-deal,https://twitter.com/samblum3/status/1680089884797829121?s=46&t=f1CngLinLiYKbxkfG0otAw,https://www.reddit.com/r/mlb/comments/14xcr4c/if_shohei_ohtani_got_captured_by_aliens_who_yall/,https://bleacherreport.com/articles/10082290-alex-rodriguez-angels-win-world-series-in-5-years-if-they-trade-shohei-ohtani-trout,https://www.mlb.com/video/media-day-shohei-ohtani-70869,https://twitter.com/SamBlum3/status/1678219658606854150,https://www.reddit.com/r/baseball/comments/14um7mr/the_angels_currently_have_16_major_leaguers/,https://www.reddit.com/r/angelsbaseball/comments/14tmm9g/77_angels_dodgers_game_thread/,https://nypost.com/2023/07/06/angels-leaving-door-slightly-open-to-trading-shohei-ohtani/,https://twitter.com/ajcassavell/status/1676387201645674496?s=46&t=I5l6PyeUdxU89hitqxIbiA,https://www.reddit.com/r/angelsbaseball/comments/14qosza/74_angels_padres_game_thread/,https://www.reddit.com/r/baseball/comments/14qis6b/2023_rbaseball_power_rankings_week_14_on_this/,https://twitter.com/OptaSTATS/status/1675907531401732098,https://streamable.com/y100as,https://www.reddit.com/r/angelsbaseball/comments/14off05/lets_ignore_the_outcome_of_this_game_for/,https://www.reddit.com/r/baseball/comments/14nvk2g/shohei_ohtanis_1444_ops_in_june_is_the_best/","Athletics acquire: Shohei Ohtani

Angels acquire: Literally every player in the As franchise.,Someone needs to get a pic of ohtani taking a dump before he leaves the stadium today. in case todayâ€™s the last dump at Angel Stadium of Shohei Ohtaniâ€™s career. Strange realization to have.,The Angels live or die with Shohei Ohtani, just like the Yankees live or die with The Judge. 

Needless to say, this does not seem like a winning strategy, by design or not.,Instead of trading a dumb lil prospect like Marcelo Mayer, an MLB ready shortstop might be more desirable. Shohei Ohtani for Bobby Dalbec who says no?,Now now, let's not get ahead of ourselves and start comparing Shohei Ohtani to Babe Ruth.,Shohei Ohtani did not get a hit tonight. Shohei Ohtani had as many runs scored tonight (2) as Anthony Rizzo has dating back to July 1st,Things Yankees are afraid of:
1. Facial Hair
2. Last Names 
3. Shohei Ohtani,Athletics acquire: Shohei Ohtani

Angels acquire: Literally every player in the As franchise.,Someone needs to get a pic of ohtani taking a dump before he leaves the stadium today. in case todayâ€™s the last dump at Angel Stadium of Shohei Ohtaniâ€™s career. Strange realization to have.,The Angels live or die with Shohei Ohtani, just like the Yankees live or die with The Judge. 

Needless to say, this does not seem like a winning strategy, by design or not.,Instead of trading a dumb lil prospect like Marcelo Mayer, an MLB ready shortstop might be more desirable. Shohei Ohtani for Bobby Dalbec who says no?,Now now, let's not get ahead of ourselves and start comparing Shohei Ohtani to Babe Ruth.,Shohei Ohtani did not get a hit tonight. Shohei Ohtani had as many runs scored tonight (2) as Anthony Rizzo has dating back to July 1st,Things Yankees are afraid of:
1. Facial Hair
2. Last Names 
3. Shohei Ohtani,Maybe he can trade Shohei Ohtani to the Mavs instead.

This is why generally you want your team's decisions made by professional baseball people, rather than the irrational whims of the owner.,63: Shohei Ohtani, the Los Angeles Angles, and the Pursuit of Greatness,Fun fact: Ohtani is sitting on 33 home runs, which means if he hits one tonight, heâ€™ll earn a stipulation on his contract per a new team rule. Itâ€™s a little complex but you can Google â€œshohei ohtani rule 34â€ for more info,Shohei Ohtani is high key goated,I'm sure Angels would be intrigued with this amazing 1-on-1 trade offer.

Dodgers Get: Shohei Ohtani

Angels Get: World Series *champion Dodger fan-favorite Jake Marisnick,*Does it feel bad to lose games?*  
  
""Yes"" 
  
***Breaking news***: *Shohei Ohtani* ***hates*** *the Angels and will be on a new team in* ***the next five minutes!!***,It would still be Shohei Ohtani,Why, any of the prospects they get for those two could be the next Shohei Ohtani or Mike Trout! Imagine what the Angels could do with that kind of generational talent.,Video: 7/10/23: Media Day: Shohei Ohtani

[Streamable Link](https://streamable.com/m/media-day-shohei-ohtani-70869)

___________



[More Info](/r/MLBVideoConverterBot) https://twitter.com/SNYtv/status/1678486672571236353

>""It sucks to lose. He wants to win, so it gets stronger every year.""

>Shohei Ohtani, through his translator, on how important being on a winning team is to him:


hahahahahahahahah.  If you hadn't made peace with Ohtani leaving, you should have started two weeks ago.,Mike Trout, Shohei Ohtani, Ben Joyce, wow,Angels 2023 All Star Representatives:

Shohei Ohtani - DH (will not pitch due to finger blister)

Carlos Estevez - RP

Mike Frostad - Trainer (not a joke),Call me Logan O'Hoppe's arm ligament because I've snapped

Call me Gio Urshela's hip because I'm broken

Call me Zach Neto's oblique because this season has stretched me to my limit

Call me Brandon Drury's shoulder because I can't bear this burden

Call me Mike Trout's hamate because I'm shattered

Call me Shohei Ohtani's fingers because my pain is raw, but not bad enough to keep me from quitting this fucking team,If you actually think a Shohei Ohtani trade will go through, no matter how beneficial it would be towards the future of Angels baseball, you don't know Arte Moreno,Max Stassi

Logan O'Hoppe

Matt Moore

Ben Joyce 

Zach Neto

Gio Urshela

Brandon Drury 

Mike Trout 

Anthony Rendon 

Shohei Ohtani



Jesus Fucking Christ,After watching Ohtaniâ€™s leadership shine during the WBC (loved his kickass speech right before the WBC final), I have a feeling Ohtani will show his leadership again and is going to try his absolute best to will this team to the playoffs.


Hopefully he keeps his composure and remain consistent at the plate and on the mound (and not try to do â€œtoo muchâ€), but if thereâ€™s 1 fucking person in the world that can lead a heavily beaten up team to glory, itâ€™s Shohei Ohtani.,Red Sox ranker here, gonna do a long ass comment about my thoughts on the Sox as of midseason. 

We're at a bit of an inflection point, and based on the next 2-3 weeks of baseball we could be selling off any and all impending FAs, or we could end up trading for a starter and going for a wildcard run. At the moment, the Sox are 3.5 games back on Houston and the Yankees, both teams who are dealing with issues surrounding an aging/expensive core to some degree. 

With this in mind, it's not *insane* to imagine a playoff push if you're in FO brain mode and are assuming that none of your often injured players will be injured again. Like, yeah, if we got Sale, Story, Houck and a few other relief/bench players off the IL (and specifically Story back to SS to fill the gigantic roster hole we have there) by mid-August, the team would be looking good. *However*, when Sale's injury develops into boneitis or some shit, and Story's rehab pushing him to get back out there slows his return to the field, and Whitlock hits the IL for the rest of the season on some elbow strain shit, it's a lot harder.

However, in the short-term, things are looking pretty good for Boston. We play Texas first, and while I don't want to underestimate a very talented roster, they *have* been pretty mediocre since June (15-14, but with a 148-123 run diff). I'm assuming we take 1/3, but I don't think 2/3 is out of the question. After that, we get 3 games vs OAK, 3 @ CHC, 3 @ OAK, and 3 vs NYM. It's tough to get a run of 12 games that easy, and we get them leading right up to the trade deadline.

If we go on a tear and decide to not sell, I doubt we end up going very far. There is a perfect storm scenario where the injuries stop coming and we make a good deal at the deadline and wow gee whiz all of our rookies just kept getting better! I'd love to watch that version of the 2023 Red Sox, but I just don't have faith in the health of the rotation or even the cohesion on defense to say we have a championship squad here.

IANAGM, but if it was me in charge, I'm putting Paxton on the block as quickly as humanly possible. Dude is a ticking timebomb injury-wise, and every start we throw him out there for is just an unnecessary roll of the dice. He's a talented pitcher, but relying on him to make it to the playoffs healthy is just too risky. He has a lot of value for a team that has a solid rotation that is looking to boot their #5 starter into a long relief role. Even if he ends up injured, they still have the depth to fill in, and if he remains healthy, he's a strong #2 that you can get 6-7 innings out of.

After Paxton, there's a big list of guys in no particular order that I'd trade given that you can get anything in return. We have like 5 different middle infielders who are all hovering around replacement level, but only one of them costs 10 mil, so that alone is worth trading Hernandez, even if just to dump cash. Duvall just doesn't really fit on a roster where Duran is hitting the way he is currently (although I have my doubts long-term). Justin Turner is a very reliable DH, and trading would both save a chunk of 2024 money and net some sort of prospect return.

If you're going *full teardown* mode to clear as much money as possible for 2024, then get rid of Kenley and Kluber ASAP as well. Sure, you'll need to retain a lot of salary for Kluber in particular, but any amount of money you can free up here is key.

After all of this, here's what 2024 looks like. 

C - Wong/McGuire

1B - Casas

2B - Arroyo

SS - Story

3B - Devers

LF - Yoshida

CF - Duran

RF - Verdugo

DH - ???

Backups - Enmanuel Valdez, David Hamilton, Ceddanne Rafaela

Starters: Bello, Sale, Whitlock, Houck, Kutter/Pivetta/????

Relief: 8 local dunkin employees recruited on minimum contracts and Coldplay Guy

We definitely need help at 2nd, as well as a DH type (or if you're getting real wacky, send Casas to DH full time and sign a 1st baseman who can field). The rotation really need stability and durability over anything. Between Whitlock, Houck and Pivetta, there is oodles of long-relief talent, so getting a starter who can pitch deep into games will allow them to throw fewer but better innings. But, with the injury history surrounding Sale and Whitlock, adding another frontline starter on top of that would certainly quiet any rotation concerns.

If you go all in on the teardown, we're looking at ~120 million committed to the roster as is. That leaves an easy 80 million+ to go nuts in free agency, after already coming in well under the luxury tax in 2023 (pending my trades going through ofc). And that of course is when YOU SIGN MOTHER FUCKING SHOHEI OHTANI 10 YEARS 600 MILLION AHAHAHAHAHA THAT'S RIGHT BABY, IT WAS ALL OHTANI ALL THE TIME. SP/DH FILLS EVERY HOLE IN THE ROSTER, SHOHEI HITS 63 DINGERS AND EVERY SINGLE ONE OF THEM IS OVER THE MONSTER ONTO LANSDOWNE. BABE RUTH ROLLS IN GRAVE AS YANKEES BEGIN THEIR OWN 86 YEAR DROUGHT, SEE YOU IN 2095 FUCKERS!!!!!!,So Ohtani is Willie Mays, Babe Ruth, Max Scherzer, and Aaron Judge?  So Shohei Ohtani is basically Perfect Cell, but nice.  Whoâ€™s the best player in the LLWS this year?  Thatâ€™s how we defeat Ohtani. but how many have had 35+ home runs? or 34 home runs and 1 triple? or...

edit: decided to do the research myself, using Ohtani as a baseline. 31+ home runs and 36+ hrs/triples before the all-star break has been accomplished... 12 times, most recently by this guy named Shohei Ohtani in 2021, when he had 33 hrs and 4 triples. completely unsurprisingly, Barry Bonds holds the record at 39 home runs (and no triples) before the all star break in 2001,Mike Trout ðŸ¤ Shohei Ohtani. 

1 homerun and a bunch of strikeouts this game,chuck norris 

Age: 83

Height: 5'10""

Shohei Ohtani

Age: 28

Height: 6'4""

Right now moneys on Ohtani.

Both in prime. Im not sure Norris has 4 black belts,wRC+ >265 for a month for qualified hitters since 2000

1. 323 Barry Bonds (March/April 2004)
2. 297 Barry Bonds (Sept/Oct 2001)
3. 287 Barry Bonds (August 2002)
4. 280 Barry Bonds (July 2003)
5. **278 Shohei Ohtani (June 2023)**
6. 278 Barry Bonds (May 2001)
7. 278 Barry Bonds (August 2004)
8. 277 Jason Giambi (July 2005)
9. 274 Yordan Alvarez (June 2022)
10. 270 Austin Riley (July 2022)
11. 269 Matt Kemp (March/April 2012)"